title,annual_turnover,company_type,date,description,draft,employees,fields_of_interest,founded,global_operations,headquarters,logo,market_segments,origin,ownership,primary_materials,product_types,production_capacity,publicly_listed,short_description,status,stock_ticker,technologies,website
ALPLA,,Converter,2026-01-02,,False,,,,,"Hard, Austria",/images/logos/alpla.svg,"packaging (food, beverage, cosmetics, home care, pharmaceuticals)",,,"rPET, rHDPE, bio-based materials, biodegradable plastics",,,False,"ALPLA is a global leader in plastic packaging solutions, specializing in blow-moulded bottles, caps, injection-moulded parts, preforms, and tubes for ...",Active,nan,,https://www.alpla.com/en
Agilyx,,Technology Company,2026-01-02,,False,,,,,"Oslo, Norway",/images/logos/agilyx.png,"Packaging, Recycling",,,,,,True,"Agilyx ASA is a technology provider specializing in advanced recycling solutions for plastic waste, particularly polystyrene through its proprietary S...",Active,OSL:AGLX,Advanced recycling/chemical recycling technology,https://www.agilyx.com
AgroRenew,,Bioplastic Producer,2026-01-02,,False,,,,,"Vincennes, United States",/images/logos/agrorenew.png,"Packaging, agriculture, sustainable consumer goods",,,"Biodegradable plastics derived from crop food waste including watermelon, cantaloupe, pumpkin, and other biosources",,,False,"AgroRenew is an innovative bioplastic producer based in Indiana, specializing in creating 100% biodegradable plastics from agricultural food waste suc...",Active,nan,,https://agrorenew.org
Amcor,,Converter,2026-01-02,,False,,,,,"Thomson, United States",/images/logos/amcor.png,"Packaging, Healthcare",,,"PLA, bio-PE",,,True,Global packaging leader developing recyclable and bio-based packaging solutions. Invests in sustainable materials including bioplastics for flexible a...,Active,NYSE:AMCR,,https://www.amcor.com
Asahi Kasei Corporation,$17.5B,Bioplastic Producer,2026-01-05,,False,"46,000+",,,,"Tokyo, Japan",/images/logos/asahi-kasei.png,"Automotive, electronics, construction materials, medical devices, pharmaceuticals, packaging, engineering plastics",,,"Bio-based chemicals from bioethanol (Revolefin technology), Polyacetal (POM), Polyamide (PA, nylon), Modified Polyphenylene Ether (PPE), bio-based plastics",,,True,Multinational Japanese chemical company producing bio-based chemicals and bioplastics through Revolefin technology..,Active,TYO:3407,,https://www.asahi-kasei.com
Avantium,,Technology Company,2026-01-02,,False,,,,,"Amsterdam, Netherlands",/images/logos/avantium.svg,packaging,,,,,,True,"Avantium is a chemical technology company headquartered in Amsterdam, Netherlands, specializing in renewable chemistry and circular polymer materials ...",Active,AVTX.AS,"PEF technology, FDCA production technology",https://www.avantium.com
BASF SE,$97.5B,Bioplastic Producer,2026-01-02,,False,"111,000+",,,,"Ludwigshafen, Germany",/images/logos/basf-se.png,"Packaging (organic waste bags, fruit and vegetable bags, carrier bags, compostable packaging), Agriculture (mulch films), Injection molding products, Coffee capsules",,,"PBAT, PBAT blends, Ecoflex (fossil-based compostable polymer), Ecovio (compostable polymer blend of Ecoflex and PLA), PLA",,"[{'biopolymer': 'Ecoflex (PBAT)', 'capacity': '80,000 tons/year', 'location': 'Ludwigshafen, Germany'}, {'biopolymer': 'Ecovio (PBAT/PLA blend)', 'capacity': '50,000 tons/year', 'location': 'Ludwigshafen, Germany'}]",True,"BASF SE is the world's largest chemical producer headquartered in Ludwigshafen, Germany, with extensive global operations. The company specializes in ...",Active,FWB:BAS,,https://www.basf.com
BIOWEG,,Technology Company,2026-01-02,,False,,,,,"Quakenbrück, Germany",,"packaging, cosmetics, personal care, home care, agriculture",,,,,,False,"BIOWEG is a German biotechnology company founded in 2019 that develops high-performance, biodegradable ingredients using precision fermentation and gr...",Active,nan,Bacterial cellulose technology,https://bioweg.com
Bakelite,,Bioplastic Producer,2026-01-02,,False,,,,,"Atlanta, United States",/images/logos/bakelite.png,"packaging, electronics, automotive, consumer goods",,,phenol formaldehyde resin,,,False,"Bakelite, invented in 1907 by Leo Baekeland, was the world's first fully synthetic plastic, a thermosetting phenol formaldehyde resin used in electric...",Acquired,nan,,https://bakelite.com
Balrampur Chini Mills Limited,,Bioplastic Producer,2026-01-02,,False,,,,,"Kolkata, India",/images/logos/balrampur-chini-mills-limited.png,"packaging, food service, medical, agriculture",,,PLA,,,True,Balrampur Chini Mills Limited (BCML) is a leading Indian sugar producer that has launched India's first industrial-scale biopolymer plant for Poly Lac...,Active,NSE:BCML,,https://www.balrampurbioyug.com
Berry Global,,Converter,2026-01-02,,False,,,,,"Evansville, United States",/images/logos/berry-global.png,"Packaging, healthcare, food service, agriculture, consumer goods, personal care, and industrial markets",,,"Biobased-polyethylene (bio-PE), biobased-polypropylene (bio-PP), compostable plastics certified to EN 13432",,,False,"Berry Global Group, Inc. is a global manufacturer and marketer of plastic packaging products, specializing in innovative packaging and engineered prod...",Acquired,NYSE:BERY,,https://www.berryglobal.com
Bio-On,,Bioplastic Producer,2026-01-02,,False,80+,,,,"Bologna, Italy",,"Packaging, agriculture, automotive, fashion, cosmetics, pharmaceuticals, electronics",,,Polyhydroxyalkanoates (PHA),,"[{'biopolymer': 'PHA (MICROMALT)', 'capacity': '5,000 tons/year (planned expansion)', 'location': 'Bologna, Italy'}]",False,Italian company developing PHA bioplastics from agricultural waste. Focuses on biodegradable and compostable solutions for packaging and consumer good...,Active,AIM:ON,,https://www.bio-on.it
BioBTX,,Technology Company,2026-01-02,,False,,,,,"Groningen, Netherlands",/images/logos/biobtx.svg,"Chemical industry, petrochemical products (40% of all petrochemical products worldwide use BTX as building blocks)",,,,,,False,"BioBTX is a chemical technology development company based in Groningen, Netherlands, specializing in the production of renewable and biobased aromatic...",Active,nan,Renewable aromatic production technology,https://biobtx.com
Biome Bioplastics,,Bioplastic Producer,2026-01-02,,False,90+,,,,"Southampton, United Kingdom",,"Packaging, flexible films, coatings, non-woven materials, agricultural products such as biodegradable tree shelters",,,"Starch-based bioplastics, biodegradable polymers, high temperature bioplastics, custom blends",,"[{'biopolymer': 'Starch-based Bioplastics', 'capacity': '5,000 tons/year', 'location': 'Southampton, United Kingdom'}]",False,"UK-based developer of biodegradable and bio-based plastics. Produces bioplastic resins for packaging, horticulture, and consumer products with enhance...",Active,AIM:BIOM,,https://www.biomebioplastics.com
Biotec,,Compounder,2026-01-02,,False,,,,,"Emmerich, Germany",,"Packaging, pharmaceuticals, cosmetics, food industry, agriculture, healthcare, automotive",,,"PLA, potato starch-based polymers, other biologically sourced polymers",,,False,"German compounder producing biodegradable and bio-based plastic compounds. Develops customized bioplastic formulations for packaging, agriculture, and...",Active,nan,,https://www.biotec.de
Blue Circle Olefins,,Bioplastic Producer,2026-01-02,,False,50+,,,,"Wageningen, Netherlands",,"Packaging, chemical industry, plastics manufacturing",,,"Circular ethylene, circular propylene (produced from renewable methanol)",,"[{'biopolymer': 'Circular Ethylene & Propylene', 'capacity': '20,000 tons/year (planned)', 'location': 'Wageningen, Netherlands'}]",False,"Blue Circle Olefins is developing the first circular methanol-to-olefins production plant in the Netherlands, aiming to produce 100% circular ethylene...",Active,nan,,https://bluecircle-olefins.com
Blue Ocean Closures,,Technology Company,2026-01-02,,False,,,,,"Karlstad, Sweden",,"Packaging, Beverage",,,,,,False,Blue Ocean Closures is a Swedish technology company focused on developing fiber-based closures as sustainable alternatives to plastic caps. Their prop...,Active,nan,Fiber-based closure technology,https://www.blueoceanclosures.com
Braskem,$16.4B,Bioplastic Producer,2026-01-02,,False,"5,400+",,,,"São Paulo, Brazil",,"Packaging, Automotive, Textiles",,,Bio-PE,,"[{'biopolymer': ""I'm green Bio-PE"", 'capacity': '240,000 tons/year', 'location': 'Triunfo, Rio Grande do Sul, Brazil'}]",True,Brazilian petrochemical company producing I'm green bio-PE from sugarcane ethanol. World's leading producer of bio-based polyethylene for packaging ap...,Active,B3:BRKM5,,https://www.braskem.com
CARBIOS,,Technology Company,2026-01-02,,False,,,,,"Clermont-Ferrand, France",,"packaging, textiles, food & beverage, cosmetics, apparel",,,,,,True,CARBIOS is a biotechnology company developing and industrializing enzyme-based processes for the biorecycling of PET plastics and biodegradation of PL...,Active,Euronext Growth:ALCRB,Enzyme-based biorecycling and biodegradation technology,https://www.carbios.com
CJ Biomaterials,,Bioplastic Producer,2026-01-02,,False,,,,,"Seoul, South Korea",,"Packaging, consumer goods, food service, nonwovens",,,"PHA (polyhydroxyalkanoates), including amorphous and semi-crystalline PHAs",,,False,"CJ Biomaterials, a business unit of CJ CheilJedang headquartered in Seoul, South Korea, is a leading manufacturer of polyhydroxyalkanoate (PHA) biopol...",Active,nan,,https://cjbiomaterials.com
Carbon Cell,,Bioplastic Producer,2026-01-02,,False,,,,,"London, United Kingdom",,"packaging, insulation",,,"Biochar-based foam, natural polymers",,,False,"Carbon Cell develops a patent-pending, plastic-free expandable foam made from biochar and natural binders as a carbon-negative alternative to conventi...",Active,nan,,https://www.carboncell.co
Cardia Bioplastics,,Bioplastic Producer,2026-01-02,,False,50+,,,,"Melbourne, Australia",,"Packaging, Waste Management",,,"PHAs, Starch-based bioplastics",,"[{'biopolymer': 'PHA & Starch Blends', 'capacity': '1,000 tons/year (pilot)', 'location': 'Melbourne, Australia'}]",True,"Australian manufacturer of biodegradable and compostable bioplastic resins. Develops renewable resource-based materials for packaging, food service, a...",Active,ASX:CNN,,https://www.cardiabioplastics.com
Cargill,$165B,Raw Material Supplier,2026-01-05,,False,"160,000+",,1865,,"Minnetonka, Minnesota, USA",,"Engineering plastics, bio-based plastics, bioindustrial solutions, packaging materials, sustainable feedstocks, circular economy",,Private (Cargill family),"Renewable feedstocks (corn, soybeans, rapeseed, seaweed), bio-based raw materials for engineering plastics, lactic acid precursors, plant-based polymers",,,False,"American multinational food corporation and leading supplier of renewable raw materials from corn, soybeans, rapeseed and seaweed for bio-based plastics..",Active,,,https://www.cargill.com
Celanese Corporation,$9.7B,Bioplastic Producer,2026-01-05,,False,"13,300+",,,,"Dallas, Texas, USA",,"Packaging, rigid containers, flexible films, food packaging, compostable packaging, home compostable products",,,"Cellulose Diacetate (Clarifoil film), Cellulosic pellets (BlueRidge), biodegradable cellulosic materials, bio-based polymers",,,True,Global chemistry and specialty materials company producing biodegradable cellulosic pellets and films including Clarifoil and BlueRidge products..,Active,NYSE:CE,,https://www.celanese.com
Concordia University,,University,2026-01-02,,False,,,,,"Montreal, Canada",,"Chemicals, agriculture, clean energy",,,Bioplastics (unspecified types),,,False,Concordia University is a research institution in Montreal with advanced biomanufacturing facilities focused on synthetic biology and bioprocessing fo...,Active,nan,,https://www.concordia.ca
Coperion,,Equipment Manufacturer,2026-01-02,,False,,,,,"Stuttgart, Germany",,"Plastics, chemical, food processing, pharmaceutical, aluminum, recycling",,,,"Compounding systems, extrusion equipment, material handling systems",,False,"German manufacturer of compounding and extrusion systems. Provides processing equipment for bioplastic production, compounding, and material handling.",Acquired,nan,,https://www.coperion.com
Corbion,$1.1B,Bioplastic Producer,2026-01-02,,False,650+,,,,"Amsterdam, Netherlands",,"Packaging, food and beverage, agriculture, medical devices, electronics, home & personal care, pharmaceuticals, bioplastics",,,"PLA (Polylactic Acid), lactic acid and derivatives",,"[{'biopolymer': 'Lactic Acid (for PLA)', 'capacity': '130,000 tons/year', 'location': 'Lauingen, Germany'}, {'biopolymer': 'Lactide (PLA precursor)', 'capacity': '50,000 tons/year', 'location': 'Oost-Gelderse, Netherlands'}]",True,Producer of high-purity lactic acid and lactide monomers for PLA production. Partners with Total Corbion PLA for large-scale bioplastics manufacturing...,Active,Euronext:CRBN,,https://www.corbion.com
Danimer Scientific,,Bioplastic Producer,2026-01-02,,False,150+,,,,"Bainbridge, United States",,"Packaging, food service, agriculture, adhesives, consumer products",,,"PHA (Nodax™), PLA",,"[{'biopolymer': 'PHA (Nodax)', 'capacity': '2,500 tons/year', 'location': 'Bainbridge, Georgia, USA'}, {'biopolymer': 'PHA (Nodax) - Expansion', 'capacity': '13,500 tons/year (planned)', 'location': 'Winchester, Kentucky, USA'}]",True,Manufactures Nodax PHA (polyhydroxyalkanoate) biodegradable biopolymers. Develops compostable and marine-degradable solutions for single-use plastics ...,Active,NASDAQ:DNMR,,https://www.danimerscientific.com
EREMA,,Equipment Manufacturer,2026-01-02,,False,,,,,"Ansfelden, Austria",,"Packaging, automotive, textiles, medical, agriculture, plastics processing industry",,,,"Recycling systems, shredders, grinders, extruders, sorting equipment",,False,Austrian manufacturer of plastic recycling equipment and technologies. Develops machinery for processing post-consumer and post-industrial bioplastic ...,Active,nan,,https://www.erema.com
EcoPHA Biotech,,Brand,2026-01-02,,False,80+,,,,"Bentley, Australia",,"packaging, food service, industrial applications",,,PHA (Polyhydroxyalkanoate),,"[{'biopolymer': 'PHA', 'capacity': '2,000 tons/year (planned)', 'location': 'Bentley, Western Australia'}]",False,"EcoPHA Biotech is a biotechnology company specializing in the production of PHA (polyhydroxyalkanoate) bioplastics from pongamia oil via microbial fermentation, offering a fully biodegradable alternative to petroleum-based plastics.",Active,,,https://ecopha.com
Emirates Biotech,,Bioplastic Producer,2026-01-02,,False,,,,,"Dubai, United Arab Emirates",,"packaging, fibers, nonwovens, 3D printing",,,PLA,,,False,"Emirates Biotech is a leading manufacturer of high-quality PLA biopolymers in the Middle East, creating sustainable substitutes for traditional plasti...",Active,nan,,https://emiratesbiotech.com
Erg Bio,,Technology Company,2026-01-02,,False,,,,,"Dublin, United States",,"Energy production, chemical manufacturing, aviation fuels, industrial supply chains",,,,,,False,"Erg Bio is a biotechnology company that converts waste biomass into fermentable sugars, synthetic aviation fuels, and industrial chemicals using its p...",Active,nan,Fermentation technology for biopolymers,https://ergbio.com
European Bioplastics (EUBP),,Industry Association,2026-01-02,,False,,,,,Germany,,"Policy advocacy, industry representation, research and innovation, standardization",,,"Biobased plastics, biodegradable plastics, compostable plastics (EN 13432 certified)",,,False,"European Bioplastics (EUBP) is a European association representing the interests of the bioplastics industry. It advocates for biobased, biodegradable...",Active,nan,,https://www.european-bioplastics.org
European Commission,,Policy/Government Organization,2026-01-02,,False,,"Bioplastics policy, sustainability regulations, circular economy, biodegradable polymers standardization, environmental protection, industrial policy, research and innovation funding",,,"Brussels, Belgium",,,,,,,,,,Active,,,
FKuR Kunststoff,,Compounder,2026-01-02,,False,,,,,"Willich, Germany",,"Packaging (flexible packaging, food packaging, waste bags), agriculture (mulch films), automotive, consumer goods, medical, textiles",,,"PLA, PHA, PBS, starch-based bioplastics, bio-based PE, biodegradable plastics",,,False,"German compounder specializing in bioplastics and biodegradable compounds. Produces Bio-Flex, Terralene, and other specialty bioplastic formulations f...",Active,nan,,https://www.fkur.de
FORVIA,,Technology Company,2026-01-02,,False,,,,,"Nanterre, France",,"Automotive (primary), vehicle interiors, seating, lighting, electronics, clean mobility",,,,,,True,FORVIA is an automotive technology group formed in 2022 from the merger of Faurecia and HELLA. The company develops sustainable materials and composit...,Active,EURONEXT:FRVIA,Lightweight and sustainable materials technology,https://www.forvia.com/en
Farrel Pomini,,Equipment Manufacturer,2026-01-02,,False,,,,,"Ansonia, United States",,"packaging, recycling",,,,"Continuous mixing systems, compounding equipment, processing machinery",,False,"FARREL POMINI is the Continuous Mixer Business Unit of HF MIXING GROUP, specializing in the research, design, and manufacture of continuous mixing sys...",Active,nan,,https://www.farrel-pomini.com
Futamura Chemical Company,$451.7M,Bioplastic Producer,2026-01-05,,False,"1,500",,1950,"Production sites in Japan, UK, and USA","Nagoya, Japan",,"Flexible packaging, food packaging, compostable packaging, sustainable packaging, labels, twist wrap, flowrap",,Private,"Regenerated cellulose (NatureFlex film), Cellophane film, compostable cellulosic films, bio-based packaging materials",,,False,"Major producer of regenerated cellulose films including NatureFlex and Cellophane, offering compostable bio-based packaging solutions. EUBP member with global operations.",Active,,,https://www.futamuragroup.com
Futerro,,Bioplastic Producer,2026-01-02,,False,100+,,,,"Escanaffles, Belgium",,"Packaging, agriculture, automotive, medical, textiles",,,"PLA (polylactic acid), lactic acid, lactide",,"[{'biopolymer': 'PLA', 'capacity': '4,000 tons/year', 'location': 'Escanaffles, Belgium'}, {'biopolymer': 'Lactic Acid', 'capacity': '15,000 tons/year', 'location': 'Escanaffles, Belgium'}]",False,Belgian producer of PLA and lactide through proprietary technology. Develops sustainable bioplastic solutions for packaging and other applications.,Active,nan,,https://www.futerro.com
Genomatica,,Technology Company,2026-01-02,,False,,,,,"San Diego, United States",,"Textiles, Packaging, Personal Care, Automotive, Cosmetics",,,,,,False,Genomatica is a biotechnology company specializing in the development and licensing of biological manufacturing processes for sustainable chemicals an...,Active,nan,Synthetic biology and fermentation technology,https://www.genomatica.com
Granulous,,Bioplastic Producer,2026-01-02,,False,,,,,"Sotkamo, Finland",,"Packaging, consumer goods, agriculture (e.g., plant pots, tree guards, viticulture products), short-life plastic products",,,Spent grains-based biocomposite (agricultural waste-derived bioplastic),,,False,"Granulous is a Finnish startup that produces high-performance, biodegradable bioplastic alternatives made from spent grains, a byproduct of the brewin...",Active,nan,,https://www.granulous.com
Green Dot Bioplastics,,Bioplastic Producer,2026-01-02,,False,80+,,,,"Emporia, United States",,"Packaging, consumer goods, toys, fashion, 3D printing",,,"PBAT, PBS, PLA, thermoplastic starch",,"[{'biopolymer': 'Bioplastic Blends & Composites', 'capacity': '4,000 tons/year', 'location': 'Emporia, Kansas, USA'}]",False,"Green Dot Bioplastics is a material science company founded in 2011, specializing in the development and production of sustainable bioplastic material...",Active,nan,,https://www.greendotbioplastics.com
Greenitio,,Additive Producer,2026-01-02,,False,,,,,"Singapore, Singapore",,"cosmetics, personal care, skin care, hair care",,,"vegan chitosan, biopolymers (CHITOBE, CHITOBELA)",,,False,"Greenitio develops high-performance, bio-based specialty ingredients that replace petrochemical and microplastic-based materials in cosmetics and pers...",Active,nan,,https://greenitio.com
Honda,$150B,Brand,2026-01-02,,False,"210,000+",,,,"Minato, Japan",,"Automotive (motorcycles, automotive parts), mobility, recycling",,,,,,True,Honda is a Japanese multinational company primarily known for automotive and mobility products. It is actively involved in developing and applying bio...,Active,TSE:7267,,https://global.honda/
Isiah Enterprises,,Bioplastic Producer,2026-01-02,,False,,,,,"Troy, United States",,"Packaging (food containers, utensils, films), automotive components, consumer goods, reusable logistics products",,,"Plant-based compostable bioplastics, specialty biopolymers, advanced composites from biomass, rubber, cellulose",,,True,"Isiah Enterprises, formerly Eco Bio Plastics and a division of One World Products, Inc., is a U.S.-based manufacturer specializing in renewable biopla...",Active,OTC: OWPC,,https://owpv.com
Kaneka Corporation,$5.2B,Bioplastic Producer,2026-01-02,,False,"3,000+",,,,"Osaka, Japan",,"Packaging, food service (straws, cups, cutlery), retail (shopping bags), marine environment applications",,,PHBH (poly(3-hydroxybutyrate-co-3-hydroxyhexanoate)),,"[{'biopolymer': 'PHBH (Green Planet)', 'capacity': '5,000 tons/year', 'location': 'Takasago, Japan'}, {'biopolymer': 'PHBH Expansion (Green Planet)', 'capacity': '20,000 tons/year (under construction)', 'location': 'Takasago, Japan'}]",True,"Kaneka Corporation is a Japanese chemical company specializing in a wide range of products including chemicals, functional plastics, and bioplastics. ...",Active,TSE:4118,,https://www.kaneka.co.jp/en/
LG Chem,$36.5B,Bioplastic Producer,2026-01-05,,False,"18,750+",,,,"Seoul, South Korea",,"Packaging, agriculture, automotive, textiles, consumer goods, mulch films, compostable packaging",,,"PLA (Polylactic Acid), PBAT (Polybutylene Adipate Terephthalate), PHA (Polyhydroxyalkanoates), Bio-PA (Bio-based Polyamide), Bio-PE (Bio-based Polyethylene)",,"[{'biopolymer': 'PBAT', 'capacity': '50,000 tons/year', 'location': 'South Korea', 'status': 'Full production from 2024'}]",True,"Largest Korean chemical company and major bioplastics manufacturer producing PLA, PBAT, PHA, Bio-PA, and Bio-PE. EUBP member with global operations.",Active,KRX:051910,,https://www.lgchem.com
Lenzing Group,$3.1B,Bioplastic Producer,2026-01-02,,False,"8,800+",,,,"Lenzing, Austria",,"textiles, nonwovens, hygiene, agriculture, packaging",,,"Lyocell, Modal, Viscose, cellulosic fibers",,"[{'biopolymer': 'Lyocell (TENCEL)', 'capacity': '120,000 tons/year', 'location': 'Lenzing, Austria'}, {'biopolymer': 'Modal', 'capacity': '80,000 tons/year', 'location': 'Lenzing, Austria'}, {'biopolymer': 'Viscose', 'capacity': '150,000 tons/year', 'location': 'Multiple sites (Lenzing, Paskov, Mobile)'}]",True,"The Lenzing Group is a leading producer of specialty cellulosic fibers from renewable wood-based materials, including TENCEL™ Lyocell, LENZING™ Modal,...",Active,VIE:LNZ,,https://www.lenzing.com
Lubrizol,,"['Additive Producer', 'Bioplastic Producer']",2026-01-02,,False,,,,,"Wickliffe, United States",,"Automotive, personal care, pharmaceuticals, medical devices, footwear, adhesives, additive manufacturing, textiles, coatings, industrial applications",,,"Bio-based TPU (ESTANE® ECO, Pearlthane™ ECO), Carbopol® BioSense polymer, engineered polymers, thermoplastic polyurethane (TPU)",,,False,Lubrizol Corporation is an American specialty chemicals company founded in 1928 that produces additives and ingredients for various industries includi...,Active,nan,,https://www.lubrizol.com
Mitsubishi Chemical,$60.8B,Bioplastic Producer,2026-01-02,,False,"36,000+",,,,"Tokyo, Japan",,"Packaging, consumer goods, automotive, electronics, medical, and other industries requiring durable and sustainable plastic materials",,,"BioPBS (bio-based polybutylene succinate), DURABIO (bio-based engineering plastic from plant-derived isosorbide)",,"[{'biopolymer': 'BioPBS', 'capacity': '30,000 tons/year', 'location': 'Yokkaichi, Japan (main production)'}, {'biopolymer': 'BioPBS', 'capacity': '10,000 tons/year', 'location': 'PTT MCC Biochem, Thailand (joint venture)'}]",True,"Produces BioPBS (polybutylene succinate) biodegradable polyester. Offers bio-based and compostable solutions for packaging, agricultural, and industri...",Active,TSE:4188,,https://www.mcgc.com
Monash University,,University,2026-01-02,,False,,,,,"Melbourne, Australia",,"Packaging, Medical, Agriculture",,,Polyhydroxyalkanoates (PHA),,,False,Monash University researchers have developed customizable bioplastic films using polyhydroxyalkanoates (PHA) produced by soil microbes fed on food was...,Active,nan,,https://www.monash.edu
NTCP (National Test Centre Circular Plastics),,Testing/Certification Company,2026-01-02,,False,,,,,Netherlands,,"Packaging, recycling",,,"Mixed plastic waste (rigid and film), post-consumer plastics",,,False,The National Test Centre Circular Plastics (NTCP) is a not-for-profit independent test and research center focused on accelerating circular plastics r...,Active,nan,,https://ntcp.nl
NaturePlast,,Bioplastic Producer,2026-01-02,,False,120+,,,,"Ifs, France",,"Packaging, agriculture, paper, luxury goods, cosmetics, food processing",,,"Bio-based polymers, biodegradable polymers, starch-based materials, polymers from first-generation biomass (sugars, starch from cereals, sugar cane), materials incorporating industrial by-products (seashells, algae, agricultural waste)",,"[{'biopolymer': 'Starch-based & Bio-based Polymers', 'capacity': '8,000 tons/year', 'location': 'Ifs, France'}]",False,"NaturePlast is a leading European bioplastics expert established in 2007, specializing in the design, production, and marketing of bio-based and biode...",Active,nan,,https://natureplast.eu/en/
NatureWorks,,Bioplastic Producer,2026-01-02,,False,700+,,,,"Plymouth, United States",,"Packaging, Food Serviceware, Health and Personal Care, Durable Products (home, appliance, electronics), 3D Printing",,,PLA (Polylactic Acid),,"[{'biopolymer': 'PLA (Ingeo)', 'capacity': '140,000 tons/year', 'location': 'Blair, Nebraska, USA'}]",False,"Leading producer of Ingeo PLA (polylactic acid) biopolymer made from renewable resources. Offers bio-based, compostable solutions for packaging, fiber...",Active,nan,,https://www.natureworksllc.com
Neste Corporation,€20.6B,Raw Material Supplier,2026-01-05,,False,"5,000+",,,,"Espoo, Finland",,"Polymers and chemicals, renewable fuels, sustainable aviation fuel, bio-based plastics, packaging",,,"Renewable hydrocarbons, bio-based feedstocks (Neste RE), sustainable raw materials from waste and residues",,,True,"World's leading producer of renewable diesel and sustainable aviation fuel, supplier of renewable hydrocarbons and bio-based feedstocks for polymers and chemicals production..",Active,NESTE.HE,,https://www.neste.com
Nexam Chemical,,Additive Producer,2026-01-02,,False,,,,,"Lomma, Sweden",,"Packaging, insulation, e-commerce, pipe manufacturing, foam production, high-performance plastics, food packaging",,,"PLA (polylactic acid), general polymer additives for multiple polymer types",,,True,"Nexam Chemical is a global leader in polymer additives that enhance the performance, sustainability, and recyclability of plastics. The company specia...",Active,NEXAM,,https://www.nexamchemical.com
Northeast Forestry University,,University,2026-01-02,,False,,,,,"Harbin, China",,"Automotive, appliances, construction, packaging, engineering",,,Bamboo cellulose-based bioplastic,,,False,"Northeast Forestry University is an academic institution researching bamboo cellulose-based bioplastics in collaboration with Shenyang University of Chemical Technology, developing sustainable materials with performance matching petroleum-based plastics.",Active,,,https://www.nefu.edu.cn/
Novamont,,Bioplastic Producer,2026-01-02,,False,700+,,,,"Novara, Italy",,"Packaging, agriculture, retail, waste collection, automotive, urban areas, marine, food services",,,"Mater-Bi (starch-based bioplastics), bio-based 1,4-butanediol (BDO), biopolyesters (Origo-Bi), biolubricants (Matrol-Bi)",,"[{'biopolymer': 'Mater-Bi (Starch-based)', 'capacity': '100,000 tons/year', 'location': 'Terni, Italy (main)'}, {'biopolymer': 'Mater-Bi (Starch-based)', 'capacity': '25,000 tons/year', 'location': 'Patrica, Italy'}, {'biopolymer': 'Origo-Bi (Bio-based Polyester)', 'capacity': '40,000 tons/year', 'location': 'Porto Torres, Italy'}]",False,Italian pioneer in bioplastics producing Mater-Bi family of biodegradable and compostable biopolymers. Focuses on circular bioeconomy solutions for pa...,Active,nan,,https://www.novamont.com
One World Products,,Bioplastic Producer,2026-01-02,,False,,,,,"Las Vegas, United States",,"Packaging (food containers, utensils, films), automotive components, reusable logistics products, industrial goods",,,"Corn starch, sugar-based bioplastics, rubber, cellulose, hemp, plant-based biofibers",,,True,"One World Products, soon to be renamed Isiah Enterprises, is a Nevada-based public company specializing in renewable and sustainable materials. Throug...",Active,OTCQB:OWPC,,https://oneworldproducts.com
P2 Science,,Technology Company,2026-01-02,,False,,,,,"Woodbridge, United States",,"personal care, cosmetics, fragrances, performance materials, textiles, footwear, apparel, coatings, adhesives",,,,,,False,P2 Science is a green chemistry technology company that develops proprietary processes like PIOz™ and PICE to convert renewable feedstocks such as pin...,Active,nan,Green chemistry technology,https://p2science.com
PTT MCC Biochem,,Bioplastic Producer,2026-01-02,,False,200+,,,,"Bangkok, Thailand",,Packaging,,,BioPBS,,"[{'biopolymer': 'BioPBS', 'capacity': '10,000 tons/year', 'location': 'Rayong, Thailand'}]",False,Thai-Japanese joint venture producing BioPBS biodegradable polyester. Manufactures bio-based succinic acid and PBS for compostable plastics applicatio...,Active,nan,,https://www.pttmcc.com
Packaging Insights,,Technology Company,2026-01-02,,False,,,,,United Kingdom,,"Packaging industry, with a focus on bioplastic packaging trends and innovations",,,,,,False,"Packaging Insights is a digital platform specializing in providing comprehensive news, insights, and developments related to packaging, including biop...",Active,nan,Packaging analysis and research services,https://www.packaginginsights.com
Palsgaard,,Additive Producer,2026-01-02,,False,,,,,"Juelsminde, Denmark",,"Food, packaging, polymers/plastics, personal care",,,"Plant-based emulsifiers and stabilizers, sustainable polymer additives including anti-static and anti-fog agents",,,False,Danish producer of emulsifiers and functional additives. Develops bio-based additives for improving bioplastic processing and performance characterist...,Active,nan,,https://www.palsgaard.com
Power2Polymers,,Technology Company,2026-01-02,,False,,,,,"Aachen, Germany",,"Lubricants, industrial adhesives, sealants, packaging, coatings",,,,,,False,"Power2Polymers pioneers sustainable, high-performance polymer products for specialty applications including lubricants, industrial adhesives, and seal...",Active,nan,CO2-based polymer technology,https://www.power2polymers.com
Pro-Pickle,,Brand,2026-01-02,,False,50+,,,,United States,,"Sports equipment (pickleball), recreational sports",,,"Wheat straw, rice husk (biobased composite materials), polypropylene (in paddles)",,,False,"Pro-Pickle, also known as Professional Pickleball Partners, is a company specializing in manufacturing customizable pickleball paddles and accessories...",Active,,,https://pro-pickle.com
RIKEN Center for Emergent Matter Science (CEMS),,University,2026-01-02,,False,,,,,"Wako, Japan",,Packaging,,,"Biopolyesters, bio-polythioesters, supramolecular polymers, biomass-based polymers",,,False,"The RIKEN Center for Emergent Matter Science (CEMS) conducts research on advanced bioplastic materials, focusing on biopolyesters produced by microorg...",Active,nan,,https://www.riken.jp/en/research/labs/cems/
RWDC Industries,,Bioplastic Producer,2026-01-02,,False,120+,,,,"Athens, United States",,"Packaging, food service, consumer goods, single-use plastics such as cutlery, straws, cup lids, diapers",,,Polyhydroxyalkanoate (PHA),,"[{'biopolymer': 'PHA (Solon)', 'capacity': '3,000 tons/year', 'location': 'Athens, Georgia, USA'}]",False,"RWDC Industries is a bioplastics manufacturer founded in 2015 and headquartered in Athens, Georgia. The company produces biodegradable polymers based ...",Active,nan,,https://www.rwdc-industries.com
Radici Group,,Compounder,2026-01-02,,False,,,,,"Gandino, Italy",,"Automotive, Electrical/Electronics, Consumer Goods, Industrial Applications, Apparel, Sportswear, Furnishings, Home Appliances, Construction, Railways",,,"Polyamide 6, Polyamide 6.6, Polyamide 6.10, Polyamide 6.12, Polyester (including Raditer®), Thermoplastic elastomers (Heraflex®), Acetal copolymers (Heraform®), Polyphenylene sulfide (Raditeck®), Recycled nylon 6 (Renycle®)",,,False,"RadiciGroup is a diversified Italian chemical company specializing in the production of polyamide and polyester engineering polymers, chemical interme...",Active,nan,,https://www.radicigroup.com
Renaissance BioScience,,Technology Company,2026-01-02,,False,,,,,"Vancouver, Canada",,"Packaging, Personal Care, Consumer Goods, Health",,,,,,False,"Renaissance BioScience is a Canadian biotechnology company specializing in bioengineering yeast and microorganisms for sustainable solutions, includin...",Active,nan,PHA fermentation and processing technology,https://renaissancebioscience.com
Renaissance BioScience and Biome Bioplastics,,Technology Company,2026-01-02,,False,,,,,United Kingdom,,"packaging, personal care, health, consumer goods",,,,,,False,Biome Bioplastics is a leading UK-based developer of innovative bio-based plastics aimed at challenging and replacing oil-based polymers with high-per...,Active,nan,PHA fermentation and extraction technology,https://biomebioplastics.com
Roquette Frères,$3.8B,Bioplastic Producer,2026-01-02,,False,"5,000+",,,,"Lestrem, France",,"Packaging, Automotive, Textiles",,,Starch-based bioplastics,,"[{'biopolymer': 'Starch-based bioplastics', 'capacity': '60,000 tons/year', 'location': 'Lestrem, France (main)'}, {'biopolymer': 'Starch-based bioplastics', 'capacity': '40,000 tons/year', 'location': 'Other European facilities'}]",,"Roquette Frères is a global leader in plant-based ingredients, offering innovative solutions for various industries. They produce over 650 by-products...",Active,,,https://www.roquette.com
Rutgers University,,University,2026-01-02,,False,,,,,"New Brunswick, United States",,"Medical devices, tissue engineering, food packaging, pharmaceutical delivery systems",,,"Biodegradable polymers, plant-based biopolymers, polymer-peptide conjugates, carbon-derived plastic monomers",,,False,Rutgers University is a research institution conducting advanced research in bioplastics and sustainable materials. Key initiatives include developing...,Active,nan,,https://www.rutgers.edu
SABIC,,Bioplastic Producer,2026-01-02,,False,,,,,"Riyadh, Saudi Arabia",,"Packaging, automotive, electrical and electronics, medical devices, construction, agriculture",,,"Bio-based polyolefins (e.g., bio-PE, bio-PP), engineering plastics (potentially including bio-based variants)",,,True,"SABIC is a global leader in chemicals, plastics, and agri-nutrients, headquartered in Riyadh. The company produces a wide range of products, including...",Active,Tadawul:2010,,https://www.sabic.com/en
SaniSure,,Technology Company,2026-01-02,,False,,,,,"Camarillo, United States",,"Medical, biopharmaceutical, vaccine manufacturing, cell and gene therapy",,,,,,False,"SaniSure is a global leader in designing, developing, and manufacturing single-use solutions for the bioprocessing industry, specializing in custom as...",Active,nan,Antimicrobial coating technology,https://sanisure.com
Shenyang University of Chemical Technology,,University,2026-01-02,,False,,,,,"Shenyang, China",,"Automotive, appliances, construction, packaging, engineering",,,Bamboo cellulose-based bioplastic,,,False,"Shenyang University of Chemical Technology is an academic institution collaborating with Northeast Forestry University on bamboo cellulose-based bioplastics research, developing sustainable materials with superior performance characteristics.",Active,,,https://www.syuct.edu.cn/
Stora Enso,€9B,Raw Material Supplier,2026-01-05,,False,"19,000+",,,,"Helsinki, Finland & Stockholm, Sweden",,"Packaging, biomaterials, specialty polymers, coatings, fuel additives, sustainable packaging materials",,,"FDCA (Furan-dicarboxylic acid), HMF (5-hydroxymethylfurfural), PEF (Polyethylene furanoate), renewable bio-based chemicals",,"[{'biopolymer': 'FDCA/HMF (FuraCore process)', 'capacity': 'Pilot plant', 'location': 'Langerbrugge, Belgium (near Ghent)', 'status': 'Technology validation, commercialization planned 2026'}]",True,Leading renewable materials company pioneering PEF bioplastics through proprietary FuraCore technology producing FDCA and HMF derivatives from fructose..,Active,HEL:STERV,,https://www.storaenso.com
Sukano AG,,Additive Producer,2026-01-05,,False,,,1988,,"Schindellegi, Switzerland",,"Packaging, durable goods, building and construction, healthcare, textiles, compostable packaging, bioplastics processing",,,"Colour masterbatches, additive masterbatches, compounds for polyester (PET, rPET), PLA masterbatches, antiblock additives for BOPLA, bioplastic additives",,,,"Family-owned world leader in colour and additive masterbatches for polyester and specialty resins, with specialized PLA and bioplastics solutions..",Active,,,https://www.sukano.com
TIPA,,Bioplastic Producer,2026-01-02,,False,150+,,,,"Hod HaSharon, Israel",,"packaging (food, fashion)",,,"Compostable films, multi-ply laminates, high-barrier compostable materials",,"[{'biopolymer': 'Compostable Films & Laminates', 'capacity': '3,000 tons/year', 'location': 'Hod HaSharon, Israel'}]",False,"TIPA, founded in 2010, develops and manufactures fully compostable flexible packaging solutions that mimic the performance of conventional plastics in...",Active,nan,,https://tipa-corp.com
Taghleef Industries,,Converter,2026-01-02,,False,,,,,"Dubai, United Arab Emirates",,"Packaging, Labels, Graphic Arts",,,PLA,,,False,Global film manufacturer producing bio-based BOPP films. Develops sustainable packaging solutions using renewable and recycled materials.,Active,nan,,https://www.ti-films.com
Teknor Apex,,Compounder,2026-01-02,,False,,,,,"Pawtucket, United States",,"Packaging, Consumer, Automotive, Medical, Industrial",,,"PLA, PHA, Bio-based polyesters, PETek®",,,False,"Teknor Apex is a leading custom compounder specializing in sustainable polymer solutions, including bioplastics and bio-based materials. The company o...",Acquired,nan,,https://www.teknorapex.com
Terra Sol Studio,,Brand,2026-01-02,,False,30+,,,,Australia,,"design, product development, sustainable packaging",,,"PHA, Bioplastics",,,False,"Terra Sol Studio is an Australian design studio specializing in sustainable product design and commercialization of innovative bioplastic solutions, partnering with biotechnology companies to bring eco-friendly products to market.",Active,,,https://terrasolstudio.com
Tetra Pak International SA,$13.9B,Brand,2026-01-05,,False,"24,546",,1951,,"Pully, Switzerland",,"Food and beverage packaging, aseptic packaging, dairy products, juice packaging, liquid food processing, sustainable packaging","Lund, Sweden",Private (Tetra Laval Group),"Plant-based polyethylene (from sugarcane), bio-based polymers, paperboard, renewable materials",,,False,"Swedish multinational food packaging and processing company, industrial end user of bio-based plastics, pioneer in plant-based packaging from sugarcane..",Active,,,https://www.tetrapak.com
The Pew Charitable Trusts,,Non-Profit Foundation/NGO,2026-01-02,,False,,"Plastic pollution, marine conservation, sustainable materials, environmental policy, ocean health, circular economy, research and advocacy",,,"Philadelphia, United States",,,,,,,,,,Active,,,
Total Corbion PLA,,Bioplastic Producer,2026-01-02,,False,,,,,"Gorinchem, Netherlands",,"Packaging, Consumer Goods, Fibers, Food Serviceware, Automotive, 3D Printing",,,PLA (Polylactic Acid),,,False,Joint venture producing PLA bioplastics at commercial scale. Operates one of the world's largest PLA manufacturing facilities in Thailand.,Active,nan,,https://www.total-corbion.com
TotalEnergies Corbion,,Bioplastic Producer,2026-01-02,,False,200+,,,,"Gorinchem, Netherlands",,"packaging, consumer goods, agriculture, automotive, electronics, textiles, 3D printing, injection molding",,,"PLA, rPLA, lactide monomers",,"[{'biopolymer': 'Luminy PLA', 'capacity': '75,000 tons/year', 'location': 'Rayong, Thailand'}, {'biopolymer': 'Luminy PLA', 'capacity': '100,000 tons/year (under construction)', 'location': 'Grandpuits, France'}]",False,"TotalEnergies Corbion is a 50/50 joint venture between TotalEnergies and Corbion, headquartered in the Netherlands, and a global leader in producing L...",Active,nan,,https://totalenergies-corbion.com
Towards Chemical and Materials Consulting,,Consulting/Advisory Firm,2026-01-02,,False,,"Chemical safety regulations, sustainable materials policy, bioplastics regulations, circular economy strategy, EU compliance, materials innovation policy, regulatory guidance",,,"Brussels, Belgium",,,,,,,,,,Active,,,https://www.towardschemandmaterials.com/
TripleW,,Technology Company,2026-01-02,,False,,,,,"Netanya, Israel",,"Packaging, personal care, home care, food and beverage, industrial applications",,,,,,False,TripleW is a circular chemistry pioneer founded in 2016 that transforms food waste into lactic acid and bioplastics. The company uses advanced ferment...,Active,nan,Plastic waste separation and recycling technology,https://www.triplew.co
UPM Biochemicals,,Bioplastic Producer,2026-01-02,,False,300+,,,,"Helsinki, Finland",,"Packaging (including pharmaceutical packaging), plastics, rubber, cosmetics, personal care, durable goods",,,"Bio-Monoethylene Glycol (BioMEG), Bio-Monopropylene Glycol (BioMPG), Renewable Functional Fillers, wood-based bio-PET components",,"[{'biopolymer': 'BioMEG (Bio-based PET)', 'capacity': '12,000 tons/year (planned)', 'location': 'Leuna, Germany (under construction)'}]",False,"UPM Biochemicals is a division of UPM-Kymmene Oyj specializing in wood-based renewable biochemicals, including bio-based glycols and functional filler...",Active,HEL:UPM1V,,https://www.upmbiochemicals.com
Uluu,,Bioplastic Producer,2026-01-02,,False,60+,,,,"Perth, Australia",,"Packaging, textiles, cosmetics, fashion, automotive",,,"PHA (Polyhydroxyalkanoates), specifically PHBV (poly-3-hydroxybutyrate-co-3-hydroxyvalerate)",,"[{'biopolymer': 'Seaweed-based PHA (PHBV)', 'capacity': '500 tons/year (pilot)', 'location': 'Perth, Western Australia'}]",False,"Uluu is an Australian bioplastic company founded in 2021 that transforms seaweed into polyhydroxyalkanoates (PHAs), a family of natural polymers produ...",Active,nan,,https://www.uluu.com.au
Verde Bioresins,,Bioplastic Producer,2026-01-02,,False,,,,,"California, United States",,"Packaging, food service, consumer goods, landscaping, and other general applications requiring sustainable plastic alternatives",,,PolyEarthylene (a bio-based polyolefin resin),,,True,"Verde Bioresins, founded in 2020 and headquartered in California, is a full-service bioplastics company specializing in the development and manufactur...",Active,TLGY,,https://www.verdebioresins.com
Wacker Chemie AG,$6.14B,Additive Producer,2026-01-05,,False,"16,600+",,,,"Munich, Germany",,"Bioplastics processing, biodegradable plastics, compostable materials, packaging, agricultural films, injection molding",,,"Polymer binders and additives for biopolymers, VINNEX additives, GENIOPLAST pellets, dispersions and dispersible polymer powders",,,True,"Global chemical company specializing in additives for biopolymers, offering VINNEX and GENIOPLAST product lines to optimize bioplastics production and performance..",Active,FWB:WCH,,https://www.wacker.com
Wankai New Materials,$1.2B,Bioplastic Producer,2026-01-02,,False,"2,000+",,,,"Haining, China",,"packaging, films, fibers, photovoltaics",,,"PET, bio-based polyester resins, PCR-PET",,"[{'biopolymer': 'Bio-based Polyester & PCR-PET', 'capacity': '300,000 tons/year', 'location': 'Haining, Zhejiang, China'}]",True,"Wankai New Materials Co., Ltd. is a leading Chinese producer of polyethylene terephthalate (PET) materials, including bottle-grade PET for packaging a...",Active,SZSE:301216,,http://www.wkai.cc
